Price,Close,High,Low,Open,Volume,SMA_20,EMA_12,EMA_26,RSI,MACD,MACD_Signal
2024-02-23,3940.949462890625,4016.71254151704,3935.405626086553,4016.71254151704,2538072,3917.773303222656,3944.9441514970076,3889.9999607479585,56.03183405524497,54.944190749049085,65.66862026061345
2024-02-26,3891.2998046875,3938.9070410654526,3873.501732790971,3925.2910661086835,1379284,3927.501428222656,3936.6911750647755,3890.0962454842206,37.540402670875544,46.59492958055489,61.85388212460174
2024-02-27,3991.814697265625,4010.8771570048384,3889.305953167398,3889.305953167398,2960475,3942.2771728515627,3945.171716941829,3897.630945616176,51.772737945187025,47.54077132565271,58.99125996481194
2024-02-28,4005.966064453125,4040.9296594385924,3976.8374126470994,3983.2564674982855,1939225,3957.011608886719,3954.524693482028,3905.655769233728,48.63796351713784,48.86892424830012,56.96679282150958
2024-02-29,3982.7705078125,4024.5910073734153,3953.058454240348,3986.563434888184,3772719,3968.728662109375,3958.8702033790237,3911.3679720914147,46.670114161451025,47.50223128760899,55.07388051472947
2024-03-01,3982.040771484375,4026.438482479131,3974.697822898346,3994.5383868724766,2043265,3974.9555419921876,3962.4349061644625,3916.602994268671,47.67780337618793,45.83191189579156,53.22548679094189
2024-03-04,3968.764892578125,4004.9444357896173,3964.09651080547,3992.3983823791336,1749271,3980.1782348632814,3963.408750228103,3920.4668385878895,43.770354382181424,42.941911640213675,51.168771760796254
2024-03-05,3902.047119140625,3952.5233932850347,3870.8275357466628,3950.5782538198355,2070859,3974.153186035156,3953.968499291568,3919.1024149251293,42.29963589332659,34.86608436643883,47.90823428192478
2024-03-06,3952.81494140625,3960.3036803464424,3849.86834727239,3884.491922362945,1744204,3973.2243896484374,3953.791028847673,3921.599639108916,46.86542721813442,32.1913897387567,44.76486537329116
2024-03-07,3995.900146484375,4010.877625569365,3926.9448091459244,3953.4960106545755,2688905,3971.984375,3960.2693546379346,3927.103380395987,48.460232331726665,33.165974241947424,42.44508714702241
2024-03-11,4009.272705078125,4039.081870716427,3976.837411355519,3976.837411355519,2304068,3971.432421875,3967.8083316287334,3933.1899970391087,51.47472910715619,34.61833458962474,40.879736635542876
2024-03-12,4077.255615234375,4113.921685490996,4008.00845770711,4009.2730833397145,4039801,3974.9118041992188,3984.6463752603704,3943.8615243128324,62.913574640120004,40.78485094753796,40.8607594979419
2024-03-13,4035.191650390625,4124.668062016544,4018.560613686994,4089.6555531194454,2837260,3974.887487792969,3992.4225714342556,3950.6267188371135,62.50393100091953,41.79585259714213,41.047778117781945
2024-03-14,4092.1845703125,4109.10718896528,3973.919993872695,4039.5200133888384,2919608,3980.1150634765627,4007.7705712616776,3961.112485613068,60.163624121854234,46.65808564860936,42.169839623947425
2024-03-15,4103.5146484375,4122.7228997396605,4062.4235791961696,4077.595761278169,3373143,3985.7583984375,4022.500429288727,3971.6607939704336,64.67644321837135,50.8396353182934,43.90379876281662
2024-03-18,4038.595947265625,4138.041205690167,4004.8964999017194,4099.624699990711,1526904,3986.9352172851563,4024.9766628236343,3976.618953473781,62.941162086647495,48.357709349853394,44.79458088022398
2024-03-19,3868.201171875,3946.687492208131,3857.794724497652,3940.1226473159663,8931209,3980.783728027344,4000.8573565238444,3968.5880066886857,40.32726604436167,32.269349835158664,42.28953467121092
2024-03-20,3861.976806640625,3907.78493306345,3851.570358663032,3876.6627036313866,1817913,3977.878173828125,3979.491118080272,3960.6908807592,38.591336240081404,18.800237321072018,37.59167520118314
2024-03-21,3863.970703125,3898.4482511532437,3839.705136843681,3880.6017398046433,3829582,3976.9760986328124,3961.718746548692,3953.5264231566666,40.25992534672459,8.192323392025173,31.71180483935155
2024-03-22,3803.62255859375,3829.979291151296,3749.2560100020937,3790.103935402895,5852485,3968.4077392578124,3937.3962560940854,3942.422433189043,36.67464703726463,-5.026177094957802,24.36420845248968
2024-03-26,3771.138916015625,3838.440690058343,3765.254821991244,3768.7074918273493,3440925,3959.9172119140626,3911.8182037743222,3929.7347652502713,35.65176083550173,-17.916561475949038,15.908054466801937
2024-03-27,3735.542724609375,3788.158838368847,3724.3581734819704,3781.8371355577046,1968575,3952.129357910156,3884.6988992874076,3915.350169647242,37.339131325867534,-30.651270359834598,6.59618950147463
2024-03-28,3769.971923828125,3807.6103232125056,3735.153881557504,3744.490645526798,4311783,3941.037219238281,3867.0485953705947,3904.5814106976777,35.74249083258866,-37.53281532708297,-2.229611464236891
2024-04-01,3809.3125,3825.408576562606,3781.3997961643163,3790.7849991059966,1569676,3931.204541015625,3858.166119159734,3897.524454349702,35.36503024604714,-39.358335189967875,-9.655356209383088
2024-04-02,3777.266357421875,3802.6018463272226,3766.76255686981,3783.29624224724,2142666,3920.929333496094,3845.7200019692946,3888.616447169863,32.32051085515104,-42.89644520056845,-16.303574007620163
2024-04-03,3839.0244140625,3871.799965376353,3745.365904713473,3745.365904713473,3973090,3913.778515625,3844.6899115220954,3884.9429632359843,31.672285716968915,-40.25305171388891,-21.093469548873912
2024-04-04,3893.48828125,3918.1427803858774,3827.304866462404,3866.8397293202797,3394637,3910.014685058594,3852.197353018696,3885.575949755541,39.30250860252906,-33.378596736844884,-23.55049498646811
2024-04-05,3870.09814453125,3892.224106154191,3851.8624618749805,3868.8824323541658,1636819,3908.417236328125,3854.9513209437046,3884.4294456648527,32.33814636995248,-29.478124721148106,-24.73602093340411
2024-04-08,3863.581787109375,3922.0330832785467,3851.375989955484,3873.7450929274473,2302538,3903.9555786132814,3856.279084969192,3882.8851746607434,30.771653888400408,-26.60608969155146,-25.110034685033582
2024-04-09,3838.294921875,3905.694048254169,3817.384673734395,3874.717608938137,1876992,3896.0753173828125,3853.5122906470087,3879.582192972911,32.85892948250006,-26.06990232590215,-25.302008213207298
2024-04-10,3875.349853515625,3880.7476629694565,3810.528176426063,3847.8747588285305,2101965,3889.3791748046874,3856.871915703719,3879.268686346445,50.79265562509103,-22.396770642726096,-24.72096069911106
2024-04-12,3891.640380859375,3903.262778963109,3837.2738285136293,3862.0743563623423,4354821,3880.0984130859374,3862.2209103430505,3880.1851081622176,53.217317622136896,-17.96419781916711,-23.369608123122273
2024-04-15,3833.091796875,3952.717874429233,3811.549472195389,3891.6404475062823,4200329,3869.9934204101564,3857.7395082710427,3876.696714733535,47.0168376025639,-18.957206462492195,-22.487127790996258
2024-04-16,3766.567626953125,3820.934173085947,3756.8906068381593,3794.966612030053,3051420,3853.7125732421873,3843.7130649913634,3868.5390045275785,46.462396192420734,-24.825939536215174,-22.954890140040042
2024-04-18,3756.06396484375,3828.0341184943036,3744.393129116633,3770.458043062613,3476284,3836.3400390625,3830.2285880455765,3860.2075201065545,48.49776052044483,-29.978932060977968,-24.359698524227632
2024-04-19,3721.246337890625,3746.8736458352478,3696.6402756744365,3732.7227084538367,2957749,3820.47255859375,3813.4620880217376,3849.914099201671,48.573131459627206,-36.45201117993338,-26.778161055368784
2024-04-22,3758.593017578125,3771.6253567885888,3707.4357555642346,3731.7499984522474,1728883,3814.992150878906,3805.020692568874,3843.1495746369637,48.87088975089223,-38.12888206808975,-29.04830525791298
2024-04-23,3768.416015625,3788.1592293153244,3754.702924424176,3770.7016495470325,1807586,3810.314111328125,3799.389203808278,3837.6137554508923,45.68939517926199,-38.22455164261419,-30.88355453485322
2024-04-24,3725.96337890625,3791.07687601712,3719.544323594792,3783.296318036582,1317312,3803.4137451171873,3788.09292305412,3829.343357188326,44.70860127706485,-41.25043413420599,-32.956930454723775
2024-04-25,3746.532958984375,3767.394531605907,3706.4631347461445,3706.657601197812,2856271,3800.5592651367188,3781.6990824280056,3823.2092536176633,39.57463624260363,-41.51017118965774,-34.667578601710574
2024-04-26,3716.529296875,3770.4582389436573,3698.2449391305313,3749.401962592489,2039178,3797.8287841796873,3771.6729615736967,3815.3070345996884,28.88964613368283,-43.63407302599171,-36.4608774865668
2024-04-29,3764.039306640625,3771.4309315368455,3714.4382506071906,3732.7226089474875,1110693,3799.25361328125,3770.4985531224547,3811.509425121239,38.036181972906206,-41.010871998784296,-37.370876389010306
2024-04-30,3715.848388671875,3775.272493268424,3705.490616178965,3765.789938541982,2203078,3796.5474365234377,3762.090835514673,3804.423422421286,34.76732969363282,-42.33258690661296,-38.363218492530834
2024-05-02,3757.32861328125,3764.9147045184022,3674.417045390118,3674.417045390118,2491044,3793.9482421875,3761.3581859403002,3800.934918040543,41.92140397511025,-39.57673210024268,-38.605921214073206
2024-05-03,3737.97412109375,3786.7973077825845,3693.4306208015673,3783.4417525141935,2962234,3791.9836303710936,3757.7606375023697,3796.2711553037434,35.79114082272807,-38.51051780137368,-38.5868405315333
2024-05-06,3813.494384765625,3831.875856708849,3747.310970665456,3747.310970665456,2053831,3790.70712890625,3766.335060158255,3797.5469500786976,42.799535334884624,-31.211889920442445,-37.11185040931513
2024-05-07,3869.80615234375,3878.6079555993488,3806.151513098809,3822.9770163628573,2062112,3789.5230224609377,3782.253689725254,3802.899483579812,53.39690645733435,-20.64579385455818,-33.81863909836374
2024-05-08,3867.861083984375,3875.0095663734273,3830.563177847568,3852.348644505229,1247685,3789.411169433594,3795.424058072811,3807.71145398015,60.64387957299083,-12.287395907339032,-29.5123904601588
2024-05-09,3851.570556640625,3862.074357102614,3802.7962801729855,3853.32122962492,1726486,3788.8106079101562,3804.0619809293976,3810.9602763994444,59.91521269568982,-6.898295470046833,-24.989571462136407
2024-05-10,3787.089111328125,3864.6031074267457,3778.4820118323983,3853.9048405813305,1672489,3786.2503173828127,3801.4507702215096,3809.192041949717,56.43900976218171,-7.741271728207266,-21.539911515350582
2024-05-13,3839.510498046875,3846.512952013115,3763.844532058345,3777.9467919329823,931326,3784.458349609375,3807.3061129638736,3811.4378535124692,57.68658827894895,-4.131740548595644,-18.058277321999594
2024-05-14,3794.188720703125,3837.565422637813,3786.11634501382,3828.0341924544327,1058317,3779.5857666015627,3805.288052616066,3810.160139971036,52.29354210327577,-4.872087354970063,-15.421039328593688
2024-05-15,3773.959228515625,3819.2323938552713,3769.1937321404057,3797.3982523912305,1115021,3776.6291381835936,3800.4682335236903,3807.478590974339,54.44710217085527,-7.010357450648826,-13.738902953004716
2024-05-16,3821.5205078125,3829.8964642714295,3765.240327516879,3811.871212722825,2599399,3779.3767822265627,3803.7070449527378,3808.5187329623514,56.617066334609426,-4.81168800961359,-11.953459964326491
2024-05-17,3756.031982421875,3840.1828319751426,3752.0153689961217,3839.203193497598,2765804,3779.3751831054688,3796.37241994799,3804.6308255149083,53.280369924796176,-8.258405566918555,-11.214449084844905
2024-05-21,3742.4150390625,3766.465212644621,3732.471803718336,3752.6034232070624,1908117,3780.4336181640624,3788.0712844271457,3800.022248740656,48.09717260210406,-11.950964313510212,-11.361752130577965
2024-05-22,3753.974853515625,3763.0365099339497,3739.8191245663174,3756.913769110757,1311168,3780.2027099609377,3782.825679671527,3796.611330575839,53.586125241346885,-13.785650904312206,-11.846531885324815
2024-05-23,3814.17333984375,3825.488211966575,3747.6069538740417,3762.742320348681,2095742,3782.490576171875,3787.6483966210994,3797.9122201512396,55.16487328940025,-10.263823530140144,-11.529990214287881
2024-05-24,3771.118408203125,3804.720056608894,3766.0243358337225,3799.2830150964464,1309452,3784.748327636719,3785.1053214798726,3795.927493340268,52.88712442755787,-10.822171860395429,-11.388426543509391
2024-05-27,3768.718505859375,3828.770396397948,3763.134613996444,3776.5065844447445,1841538,3785.8576049804688,3782.584272922873,3793.912012786128,45.5302908447512,-11.32773986325492,-11.376289207458496
2024-05-28,3761.713623046875,3791.2008363305977,3752.0152979705917,3779.445174822596,1801993,3788.1168212890625,3779.373403711181,3791.526946879517,38.03159410244863,-12.153543168336,-11.531739999633997
2024-05-29,3726.201904296875,3770.5305466531386,3722.6263194210433,3770.5305466531386,1568095,3786.224951171875,3771.193173032057,3786.6880548363583,35.40020874242252,-15.494881804301258,-12.32436836056745
2024-05-30,3660.027587890625,3717.140322546408,3639.7979088533293,3700.094707884028,2919230,3783.4339111328127,3754.090775317991,3777.305798025563,32.099621166143876,-23.21502270757219,-14.502499229968398
2024-05-31,3596.203857421875,3673.4484478197846,3579.354123272811,3663.8479428095284,10956800,3775.3776733398436,3729.80048025705,3763.8908394623268,32.139130323542744,-34.090359205276854,-18.420071225030092
2024-06-03,3627.45458984375,3675.162937939019,3620.743970313197,3656.794715687024,2156773,3769.851696777344,3714.0549586550037,3753.784450601692,29.339697904857772,-39.729491946688086,-22.68195536936169
2024-06-04,3639.357177734375,3668.7463339475735,3518.3718179900425,3624.662599627776,3395997,3761.1448364257812,3702.5629923595225,3745.3083563152236,33.864229419571245,-42.74536395570112,-26.694637086629577
2024-06-05,3670.16650390625,3706.756096486479,3624.662344736642,3640.336560281449,2799670,3751.1628540039064,3697.5789172128652,3739.742293173818,39.416620239053664,-42.163375960952635,-29.788384861494194
2024-06-06,3752.4072265625,3761.713792341841,3665.317459305752,3704.013180177749,4328036,3745.3901611328124,3706.0140417281937,3740.680436387794,43.41824184510939,-34.66639465960043,-30.76398682111544
2024-06-07,3814.663330078125,3835.2847685577945,3759.1669041268424,3759.1669041268424,4552445,3743.5447998046875,3722.7293168589526,3746.160650735226,55.61813681683986,-23.431333876273584,-29.29745623214707
2024-06-10,3780.130859375,3826.369746628105,3763.6728854931707,3815.691783133879,1734661,3743.196887207031,3731.560323399883,3748.6769624863205,53.47470512555218,-17.116639086437317,-26.86129280300512
2024-06-11,3773.66552734375,3800.9483158199455,3762.7914444244025,3766.7099983889166,1419898,3739.904638671875,3738.038047083555,3750.5279672905745,51.83126388155376,-12.489920207019622,-23.987018283808023
2024-06-12,3753.6318359375,3814.2225740099775,3749.5174019913065,3795.5113826278625,2177001,3737.8767944335937,3740.437091522623,3750.757883486643,43.91494298679131,-10.320791964019918,-21.253773019850403
2024-06-13,3799.18505859375,3810.7938708088977,3773.5676067752893,3778.2699195397627,1932323,3739.1380859375,3749.475240302797,3754.345081642725,52.80689666285938,-4.869841339927916,-17.976986683865906
2024-06-14,3754.02392578125,3809.8142929599544,3750.0563418489855,3809.8142929599544,1860730,3735.7632568359377,3750.175038068713,3754.3212923196525,48.646209751680296,-4.146254250939364,-15.210840197280598
2024-06-18,3737.4189453125,3763.7711253531625,3717.7771455099964,3748.1459390773957,1774045,3734.8326049804687,3748.212562260065,3753.069266615419,47.8006703788131,-4.856704355353941,-13.140013028895268
2024-06-19,3724.291748046875,3755.7872702574973,3715.7199109177072,3749.713320041751,1509050,3733.9264404296873,3744.5324369964974,3750.9375985733045,49.81977466304497,-6.4051615768071315,-11.793042738477642
2024-06-20,3710.135986328125,3732.3737329069522,3703.082636815265,3718.7078233814937,2846526,3731.7344970703125,3739.2406753552095,3747.9152569255134,55.24237464419774,-8.674581570303872,-11.169350504842887
2024-06-21,3733.1572265625,3798.8420325256525,3720.715866070661,3749.0763513887523,4642195,3727.68369140625,3738.304760156331,3746.822069491216,65.66561719282782,-8.517309334884885,-10.638942270851288
2024-06-24,3739.084228515625,3778.465647895979,3714.103447073741,3731.1980908539826,1702154,3726.081982421875,3738.4246783654535,3746.248896085617,63.55416954458274,-7.824217720163688,-10.075997360713767
2024-06-25,3760.293212890625,3769.305838922121,3715.670633038322,3739.280015679649,1338808,3725.6607177734377,3741.7890682924026,3747.2892158489512,64.35963529980624,-5.500147556548654,-9.160827399880747
2024-06-26,3777.339111328125,3788.212954904168,3762.7913842995013,3766.220118963664,1639845,3726.4419921875,3747.2583056825138,3749.515134032594,63.15538056830366,-2.2568283500800135,-7.7800275899206
2024-06-27,3854.044677734375,3861.734935564597,3740.357822070456,3752.9950629497644,4526556,3732.834130859375,3763.6869783058773,3757.2580631956885,62.647811020636574,6.428915110188882,-4.938239049898704
2024-06-28,3824.655517578125,3879.368422948388,3818.4839864227138,3838.027726477141,2731571,3741.06552734375,3773.0667535785306,3762.250467224017,51.35420582022626,10.816286354513522,-1.787333969016259
2024-07-01,3897.19775390625,3920.219258189819,3804.915856909854,3804.915856909854,2658723,3756.1152221679686,3792.163830552026,3772.246562533812,64.38375313168933,19.917268018214145,2.5535864284298215
2024-07-02,3935.599853515625,3941.4776848729957,3901.4595932166394,3912.284647133711,2307449,3771.5224853515624,3814.230911007964,3784.3468063102423,68.44866478086608,29.884104697721796,8.019690082288218
2024-07-03,3884.511474609375,3944.122571659196,3874.470180210599,3938.1466812760073,1821198,3783.7802001953123,3825.043305408181,3791.7664113694373,63.925355028586715,33.27689403874365,13.071130873579303
2024-07-04,3939.077392578125,3964.9399925707075,3901.0185802211668,3918.407163657249,2518001,3797.2257446289063,3842.587011126634,3802.6783359034143,64.60420000193704,39.90867522321969,18.43863974350738
2024-07-05,3930.11376953125,3944.759317225375,3906.798325472104,3928.3503724029933,1668616,3806.1110717773436,3856.052666265806,3812.117997653624,69.88601022555329,43.93466861218167,23.53784551724224
2024-07-08,3911.892578125,3949.167872482437,3897.051149881357,3940.106215968834,1758882,3810.9725341796875,3864.643421936451,3819.5087073181703,69.63182566385879,45.13471461828067,27.857219337449926
2024-07-09,3904.34912109375,3925.3623184354674,3894.160976676417,3903.8593018588867,1305801,3817.183447265625,3870.751991037574,3825.7931824126576,70.51793161199502,44.9588086249164,31.277537194943225
2024-07-10,3829.553955078125,3921.787068375789,3822.5496350896506,3902.5860570627137,2669716,3819.9778686523437,3864.413831659197,3826.0717581656554,61.95566731716093,38.34207349354165,32.69044445466291
2024-07-11,3843.8076171875,3898.9613137562046,3816.2799182478925,3850.9590262250354,4872189,3824.4866577148437,3861.2436448173976,3827.385525500607,61.27584449911231,33.858119316790635,32.923979427088454
2024-07-12,4098.7587890625,4114.4330054282855,3890.4385136742408,3898.9613209892245,13509164,3839.4653442382814,3897.7844362397213,3847.4872487274138,74.3129634305537,50.29718751230757,36.39862104413228
2024-07-15,4084.30908203125,4153.667297454993,4072.4060914203146,4149.455043182372,4848030,3855.979602050781,3926.4805355922645,3865.0296067499203,72.10453330064433,61.45092884234418,41.409082603774664
2024-07-16,4093.37060546875,4109.142402353893,4060.5034474020554,4087.051745925721,2029521,3873.7771850585937,3952.155930957878,3881.943754803167,71.79729399779411,70.21217615471096,47.16970131396192
2024-07-18,4227.6787109375,4236.93648604033,4075.296134549774,4075.296134549774,5613364,3898.946533203125,3994.544050954743,3907.5537515538585,73.87329908759494,86.9902994008844,55.13382093134642
2024-07-19,4224.58544921875,4279.916382656846,4207.745724985431,4239.314154865978,3903354,3924.6690063476562,4029.935035303052,3931.0375810105174,76.44201543345288,98.89745429253435,63.886547603584006
2024-07-22,4209.80810546875,4241.818590319842,4187.862236778732,4222.1803148836,1896386,3948.5015502929687,4057.607815328544,3951.687249488905,72.37807554967716,105.92056583963904,72.29335125079501
2024-07-23,4224.537109375,4282.8137917236645,4189.13882773974,4205.536980663162,2365208,3972.7741943359374,4083.2892451818448,3971.8983502212086,71.40905510771216,111.39089496063616,80.11285999276325
2024-07-24,4228.3662109375,4260.622174468574,4190.9062961576155,4209.955327580733,1809793,3996.177844238281,4105.608778375023,3990.895969533526,77.3969397135791,114.71280884149655,87.03284976250991
2024-07-25,4244.322265625,4264.4514978853385,4196.896022372138,4217.319636983082,2810342,4019.527001953125,4126.949314875019,4009.6682877625244,75.91510392506302,117.28102711249448,93.08248523250683
2024-07-26,4308.490234375,4342.464545151934,4258.608729472141,4271.324703991635,3552210,4042.2492797851564,4154.8786871057855,4031.8032467708563,79.37081941066955,123.07544033492923,99.08107625299131
2024-07-29,4301.86279296875,4350.860197383269,4291.945367357768,4335.149576043135,1746803,4066.1096435546874,4177.491626469318,4051.80765760033,80.825590838073,125.68396886898836,104.40165477619072
2024-07-30,4286.3974609375,4318.456850304975,4249.035353541636,4311.681741041037,1797906,4085.56962890625,4194.2463702336545,4069.18468006975,79.82586347806463,125.06169016390459,108.5336618537335
2024-07-31,4306.03564453125,4334.167378134563,4266.415328045917,4271.32489689292,2330091,4104.091418457031,4211.4447201255925,4086.729195955787,90.7035101469454,124.71552416980558,111.77003431694793
2024-08-01,4317.5732421875,4339.3714407578755,4286.102617400063,4319.831452135074,2202244,4125.7445068359375,4227.772185058194,4103.828754935914,90.66016956823462,123.94343012228,114.20471347801434
2024-08-02,4205.5859375,4318.457126714295,4192.772153494779,4286.053969556137,2811282,4139.069934082031,4224.358916203088,4111.366324014735,62.14972266587291,112.99259218835232,113.96228922008194
2024-08-05,4079.90087890625,4162.332736944009,4036.156809438158,4162.332736944009,2787771,4146.559289550782,4202.134602772805,4109.035550302996,49.59988228703527,93.09905246980907,109.78964187002737
2024-08-06,4095.7587890625,4181.234188453704,4085.546502593992,4095.5133106272006,2203067,4155.752600097656,4185.76909297122,4108.052086507403,50.21412554385086,77.71700646381669,103.37511478878524
2024-08-07,4124.47998046875,4168.175144224216,4104.694033994683,4151.531513665411,1237666,4166.759143066406,4176.339998740071,4109.268967541577,38.58604842063197,67.07103119849398,96.114298070727
2024-08-08,4097.083984375,4155.458948002559,4084.7611587170704,4105.381347258672,2441283,4180.13564453125,4164.146765760829,4108.366376195904,36.61754561472381,55.78038956492492,88.0475163695666
2024-08-09,4152.267578125,4176.717133478339,4129.486988399369,4140.730092096512,1302536,4195.558642578125,4162.31919843224,4111.618317079541,44.43280179219157,50.70088135269907,80.57818936619309
2024-08-12,4119.76611328125,4162.332168001852,4110.634507665087,4153.494944715224,936912,4196.6090087890625,4155.772569947472,4112.221857538927,40.200152178500076,43.55071240854522,73.17269397466352
2024-08-13,4121.04345703125,4157.423172797769,4107.345567268085,4136.802982285547,1495593,4198.445727539062,4150.429629498823,4112.875309353173,39.913321297684064,37.5543201456494,66.0490192088607
2024-08-14,4217.5654296875,4228.317578037032,4112.40236132334,4132.875360818273,3226545,4204.65546875,4160.758214143235,4120.630133081641,47.816012243531496,40.12808106159355,60.86483157940727
2024-08-16,4336.18017578125,4346.932323500371,4246.875404760914,4271.32496210224,3457058,4210.080541992187,4187.746208241391,4136.596802911242,52.07566064710804,51.14940533014942,58.9217463295557
2024-08-19,4408.79296875,4412.966102406389,4310.945354320212,4341.040916446269,2055210,4219.29091796875,4221.753402165793,4156.759481862261,57.29400440318815,64.99392030353192,60.13618112435095
2024-08-20,4441.490234375,4482.436229168461,4418.611835982054,4423.5214046887,2212298,4230.875024414063,4255.559068659517,4177.850648715056,60.336315048201214,77.70841994446073,63.65062888837291
2024-08-21,4469.1806640625,4477.5269313687795,4411.29665372891,4436.286551737751,1896990,4243.107202148438,4288.423929490745,4199.430649851904,60.75750482785532,88.99327963884116,68.71915903846656
2024-08-22,4420.57568359375,4478.459690688716,4415.862689393936,4477.526680850177,1829872,4252.71767578125,4308.754968583515,4215.81176346241,56.47527351599043,92.94320512110426,73.5639682549941
2024-08-23,4383.16455078125,4424.503214207465,4374.425614579285,4418.611731898268,1809253,4259.6597900390625,4320.202596613935,4228.2082662267685,62.318573531533744,91.99433038716688,77.25004068142866
2024-08-26,4421.017578125,4469.818401872383,4403.882992094799,4407.810646937247,1844164,4265.286157226563,4335.712593769484,4242.490437478489,76.94683742340519,93.22215629099446,80.44446380334182
2024-08-27,4415.8134765625,4428.431164573309,4405.650573010988,4423.521595654713,930697,4270.98369140625,4348.035806506871,4255.329181114342,75.7158774373259,92.70662539252953,82.89689612117937
2024-08-28,4424.55224609375,4479.981468869434,4376.6839509469255,4417.384467523588,1848058,4277.891430664063,4359.807566443314,4267.864222964668,74.91021672830568,91.94334347864515,84.70618559267254
2024-08-29,4430.19873046875,4473.599514554176,4379.335784660146,4379.335784660146,2133641,4284.099584960937,4370.636976293381,4279.889001298304,78.68918226753452,90.74797499507713,85.91454347315346
2024-08-30,4471.39013671875,4509.193819455762,4406.6327273671195,4418.6122679625305,3637222,4291.7904296875,4386.137462512668,4294.074270588707,78.16287994677363,92.06319192396131,87.14427316331503
2024-09-02,4439.28076171875,4505.020076011625,4430.394634473508,4493.237111558238,1216500,4303.475170898438,4394.313354698219,4304.83030696871,78.2170097384789,89.48304772950905,87.61202807655384
2024-09-03,4430.73876953125,4473.500923144872,4414.586095966468,4439.281131802064,1717263,4321.017065429687,4399.917264672531,4314.1568597511205,77.00336000790189,85.76040492141055,87.24170344552519
2024-09-04,4398.2373046875,4405.847136492228,4356.457065075125,4395.979094770648,1265505,4336.1409912109375,4399.658809290218,4320.385040857519,67.73316668072479,79.2737684326994,85.64811644296003
2024-09-05,4394.9970703125,4417.629990620445,4373.591062750139,4399.955543002937,1688793,4349.666845703125,4398.941618678262,4325.911857854185,57.46324973575002,73.02976082407713,83.12444531918345
2024-09-06,4376.14404296875,4437.219269128685,4359.696987890559,4393.033151008172,1649179,4363.619848632812,4395.434299338337,4329.632760455263,45.2026901955945,65.80153888307359,79.65986403196148
2024-09-09,4369.07421875,4409.03830092537,4350.3689532319695,4374.425840570686,1184938,4374.460180664062,4391.378902324746,4332.554349958577,38.49283692521602,58.82455236616897,75.49280169880298
2024-09-10,4426.31982421875,4457.839350275992,4360.1389358947,4362.102763319449,1385591,4389.787866210938,4396.7544287699775,4339.499940644517,43.77405329493791,57.25448812546074,71.84513898413454
2024-09-11,4398.33544921875,4467.069411676029,4390.381851958678,4439.674113958071,1325919,4403.6524658203125,4396.997662685173,4343.85812646483,46.563525140558376,53.13953622034296,68.10401843137622
2024-09-12,4435.9921875,4450.622607300757,4351.154451209502,4428.676737874571,2742216,4414.573803710938,4402.9968203489925,4350.682871726694,58.15653096950168,52.313948622298085,64.94600446956059
2024-09-13,4440.8037109375,4464.762313187297,4423.521931143341,4448.069777598077,1458786,4419.80498046875,4408.813265054917,4357.358489446013,53.40207674276465,51.45477560890413,62.247758697429305
2024-09-16,4431.6220703125,4463.828648356052,4413.162284266815,4445.123383881834,1155120,4420.946435546875,4412.322312017622,4362.859495436123,52.68149095402638,49.46281658149837,59.69077027424312
2024-09-17,4424.15966796875,4453.764272150941,4385.226883000954,4431.62230848725,1699364,4420.079907226563,4414.143443702411,4367.4002489570585,49.93312038331004,46.74319474535241,57.10125516846498
2024-09-18,4267.54443359375,4415.715125527233,4242.84939817985,4415.715125527233,2961779,4409.998095703125,4391.58974983954,4360.00352189311,31.702231440549113,31.586227946429972,51.998249724057985
2024-09-19,4218.44873046875,4342.219248359466,4204.35817203477,4310.650337218327,2927551,4399.891748046875,4364.952669936341,4349.5179817876015,22.042588283041113,15.434688148739951,44.685537408994385
2024-09-20,4207.40185546875,4252.3737899385205,4151.040105806238,4238.823093407437,5447908,4391.10361328125,4340.714083095173,4338.990861319538,23.119019693971353,1.7232217756345563,36.09307428232242
2024-09-23,4191.298828125,4231.459004478235,4176.0791650499295,4222.22911114853,1702319,4379.61767578125,4317.727120792069,4328.050710712536,22.72071348385238,-10.323589920466475,26.80974144176464
2024-09-24,4194.0478515625,4213.39174349326,4163.314144118252,4174.753342987435,3012026,4368.52939453125,4298.6995409105975,4318.124572997718,25.044995154367996,-19.4250320871206,17.562786735987594
2024-09-25,4197.43603515625,4212.017551040905,4163.314530454997,4175.4412618287715,2713073,4357.173583984375,4283.120540025313,4309.184681305757,25.863815378962045,-26.064141280444346,8.837401132701206
2024-09-26,4214.865234375,4238.725549338179,4182.953033998253,4182.953033998253,3964251,4346.406909179687,4272.619723771419,4302.198055607183,30.22765502750657,-29.578331835764402,1.1542545390080852
2024-09-27,4230.77197265625,4298.818403851764,4222.2780351461415,4256.596112539378,3012477,4334.376000976563,4266.181608215239,4296.907234647854,33.40411295208432,-30.725626432615172,-5.221721655316567
2024-09-30,4191.298828125,4221.001718965056,4183.001465184691,4209.365945175714,2503416,4321.976904296875,4254.661180509049,4289.084389720236,20.54164550067017,-34.423209211186986,-11.06201916649065
2024-10-01,4210.34814453125,4218.056263856357,4166.211406289576,4178.583136778167,1823365,4310.957373046875,4247.843790358618,4283.252075261792,25.89713218206586,-35.40828490317381,-15.931272313827282
2024-10-03,4156.1953125,4201.608822204832,4133.85677529384,4185.505533031941,3350119,4298.8552734375,4233.744024534215,4273.840463205363,15.581663543318442,-40.09643867114846,-20.764305585291517
2024-10-04,4175.3427734375,4220.26532782277,4147.652613708516,4148.5856235577485,2965463,4287.87255859375,4224.759216673182,4266.544338037374,18.45764678579718,-41.78512136419158,-24.96846874107153
2024-10-07,4195.57080078125,4219.529403464621,4152.906451090779,4196.601618570953,1472619,4278.843896484375,4220.2686911513465,4261.287038981364,22.6695823152496,-41.018347830017774,-28.17844455886078
2024-10-08,4176.32470703125,4202.001656010186,4127.9165503585355,4195.324834210528,1541867,4269.2064208984375,4213.508078209793,4254.993532910986,22.06743447844711,-41.48545470119279,-30.839846587327187
2024-10-09,4176.03076171875,4217.3200479400675,4169.893800065752,4182.953062683279,1082504,4256.691967773438,4207.742337211171,4249.144438748598,34.074030013086116,-41.40210153742737,-32.952297577347224
2024-10-10,4150.9423828125,4216.19074786921,4122.663456603558,4176.324950925273,2378875,4244.322314453125,4199.003882688298,4241.870212382962,37.18082571308298,-42.866329694663364,-34.935104000810455
2024-10-11,4074.156982421875,4165.229488527156,4038.0716498141223,4068.068925004607,5759183,4226.230554199219,4179.796667262694,4229.447010163622,29.7525284715055,-49.65034290092717,-37.878151780833804
2024-10-14,4061.833251953125,4090.0632711112576,4047.644886515852,4065.122758771127,2137590,4207.28203125,4161.6484495227605,4217.031176222104,30.098230765362302,-55.38272669934304,-41.37906676453565
2024-10-15,4042.34228515625,4094.531383895366,4020.936757446088,4056.3345559239197,2759474,4187.818041992187,4143.293655004836,4204.0912583653735,27.821045282636348,-60.79760336053732,-45.26277408373599
2024-10-16,4020.8876953125,4040.5751141050914,3993.6395885284373,4011.1177013655647,2359151,4167.654443359375,4124.461968898323,4190.5206240651605,25.48415224369188,-66.05865516683753,-49.4219503003563
2024-10-17,4034.68359375,4055.2548785670365,4018.9238301370233,4038.414674215347,2522659,4156.011401367187,4110.649911183196,4178.977140338112,24.72458224997328,-68.32722915491559,-53.20300607126816
2024-10-18,4058.356201171875,4081.0938417563607,4015.981878743336,4025.824971583393,2361000,4148.006774902344,4102.604725027609,4170.042255955427,26.32967616386675,-67.43753092781844,-56.04991104257822
2024-10-21,4015.834228515625,4074.991311135829,4006.138686185549,4067.7565419545163,1595450,4138.428393554687,4089.2554178719192,4158.619439108034,26.11109375301227,-69.36402123611515,-58.71273308128561
2024-10-22,3952.493896484375,4025.628123729215,3943.4875627358756,4002.201514906106,1928049,4126.488146972656,4068.2151838122973,4143.350880395171,18.672201139364176,-75.1356965828736,-61.99732578160321
2024-10-23,4002.447509765625,4049.0051452980897,3932.463025582815,3936.8433940172417,1966476,4116.908129882812,4058.097080112809,4132.913593681871,31.127968800289125,-74.81651356906195,-64.56116333909496
2024-10-24,3984.38525390625,4014.9973672208257,3941.1741746389275,3941.1741746389275,2676744,4106.255590820312,4046.756799157954,4121.911494439233,26.49798801946116,-75.15469528127915,-66.6798697275318
2024-10-25,3993.884033203125,4027.7934387000987,3969.42385229137,3993.3918785796277,1759676,4095.2065307617186,4038.6225274725957,4112.427978792114,24.504146387380914,-73.8054513195184,-68.10498604592912
2024-10-28,4026.66162109375,4069.134469419595,3987.436801068887,4005.1051041743235,1532534,4085.001013183594,4036.7823880296964,4106.074915258902,31.706465494088363,-69.29252722920592,-68.34249428258448
2024-10-29,4011.306396484375,4039.1131336663107,3996.394207004564,4031.5832637923236,1445885,4076.0013916015623,4032.863004715032,4099.055024979308,30.58051428706291,-66.19202026427593,-67.91239947892278
2024-10-30,4020.55859375,4042.55800112918,3996.344730916741,4011.0601058196758,1935002,4066.5119140625,4030.970018412719,4093.2404745178774,34.032754183369846,-62.270456105158246,-66.78401080416988
2024-10-31,3906.18212890625,4014.308599846557,3897.864763520815,4006.1387847297265,3740372,4054.0112548828124,4011.77188156557,4079.3843007688683,31.163510665500738,-67.61241920329849,-66.9496924839956
2024-11-01,3921.684814453125,3936.203375700577,3913.662790294584,3927.2463058287503,154895,4041.3283569335936,3997.91233277904,4067.7028573380726,34.39518737801265,-69.79052455903275,-67.51785889900304
2024-11-04,3901.949462890625,3929.2640448975253,3851.848217603721,3904.0658719887983,2269192,4026.6472900390627,3983.1488143346683,4055.4248281197433,34.37647901382958,-72.27601378507507,-68.46948987621745
2024-11-05,3909.03662109375,3923.4566554269013,3879.261266395641,3879.261266395641,967590,4013.2828857421873,3971.74693845145,4044.5812572289287,37.14154844112935,-72.83431877747853,-69.34245565646967
2024-11-06,4074.69580078125,4084.686443814856,3912.87545183105,3940.780715946805,3792017,4008.2161376953127,3987.5852249637273,4046.81196415873,53.409383094918525,-59.226739195002665,-67.31931236417627
2024-11-07,4085.769287109375,4139.80777036327,4020.952665320235,4104.274589912992,3724349,4004.957482910156,4002.6904652938274,4049.6976917847037,52.38708316821916,-47.00722649087629,-63.25689518951628
2024-11-08,4081.930419921875,4104.323455140882,4053.0408475923055,4089.8048938450424,1648039,4005.346154785156,4014.881227544296,4052.085301276346,56.171294510686764,-37.20407373204989,-58.046330898023
2024-11-11,4132.8193359375,4167.860359857493,4053.04078486624,4063.425535563547,1406487,4008.895458984375,4033.025551912481,4058.0656001401353,67.23748997064591,-25.040048227654097,-51.445074363949225
2024-11-12,4131.53955078125,4151.816417459889,4099.00832230913,4149.847798959433,1587640,4013.355322265625,4048.1815517384457,4063.50811500244,63.60616810415147,-15.326563263994103,-44.221372143958206
2024-11-13,4085.22802734375,4130.899880816483,4066.2305702818967,4112.542609268491,1098813,4016.5723388671877,4053.8810095238773,4065.1169973980923,60.03136775658854,-11.23598787421497,-37.624295290009556
2024-11-14,4080.84765625,4094.7265129104985,4051.8600369763685,4070.118781462719,1825432,4018.8805419921873,4058.0297244048193,4066.2822313871225,58.73973237309951,-8.252506982303203,-31.749937628468288
2024-11-18,3956.43115234375,4146.894998090364,3927.5908423676865,4146.894998090364,3313944,4013.784289550781,4042.3991748569624,4058.145114420947,44.03975650487529,-15.745939563984393,-28.54913801557151
2024-11-19,3976.16650390625,4067.3133968435627,3951.115881398178,3956.8246828361807,1776233,4011.8009033203125,4032.2095331722376,4052.072624753191,47.03979341302463,-19.86309158095355,-26.81192872864792
2024-11-21,4008.944091796875,4028.236409232463,3960.8604880090948,3981.432455552984,2384347,4014.6234130859375,4028.6302344991045,4048.877918608279,49.05888883481682,-20.247684109174315,-25.4990798047532
2024-11-22,4177.9990234375,4188.186720017956,3990.389589438143,4007.122846226611,3096553,4023.400988769531,4051.6100481819344,4058.4424448919244,70.23224811317944,-6.832396709990007,-21.765743185800563
2024-11-25,4247.39306640625,4260.189087034664,4185.480108874261,4212.843714585579,4052167,4036.551379394531,4081.7305125241364,4072.438787226319,72.44304121569495,9.291725297817266,-15.554249489077
2024-11-26,4284.4033203125,4298.085123579749,4242.373120582253,4253.249546195695,2060669,4051.07734375,4112.910944491577,4088.1398637512216,75.74032575614922,24.771080740355046,-7.4891834431905915
2024-11-27,4264.56884765625,4308.71521363045,4256.202219033572,4290.55499634484,1558993,4062.972705078125,4136.242929593834,4101.2086773738165,73.52476314663778,35.03425222001715,1.0155036894509566
2024-11-28,4178.29443359375,4271.853320530873,4166.5812490977505,4251.23184853607,2558544,4071.3221069335937,4142.712391747667,4106.918733390108,57.65955572627332,35.79365835755925,7.971134623072617
2024-11-29,4203.83740234375,4231.250512031332,4129.817151927626,4153.785179120677,2017425,4080.486047363281,4152.116239531681,4114.097894053341,58.54649483912994,38.01834547833914,13.980576794125923
2024-12-02,4209.5458984375,4220.914958216208,4163.676993000992,4203.000338296886,1670944,4095.6542358398438,4160.9515716710375,4121.168116600316,59.212655656874034,39.783455070721175,19.141152449444974
2024-12-03,4235.23681640625,4257.137698206271,4198.522271973675,4246.654900345047,2010905,4111.3318359375,4172.38007086107,4129.617649919274,57.67273727575412,42.762420941795426,23.865406147915067
2024-12-04,4286.076171875,4318.115726856116,4221.751465216019,4245.867042233743,3302642,4130.538171386719,4189.8717787093665,4141.207170064143,60.77704536430854,48.66460864522378,28.825246647376808
2024-12-05,4394.00537109375,4418.564078323639,4291.588189238375,4331.747813073262,3746747,4154.786608886719,4221.276946768502,4159.932962733003,69.82929353109027,61.34398403549949,35.328994125001344
2024-12-06,4375.74658203125,4394.940611577895,4343.510455484962,4383.128901087652,1842087,4169.839147949218,4245.0415060396945,4175.919156755095,68.60637854110944,69.1223492845993,42.087665156920934
2024-12-09,4382.29248046875,4399.271815609351,4346.266664568218,4360.933257388377,2066639,4184.665307617188,4266.157040567241,4191.206069622773,81.56414350588531,74.95097094446828,48.66032631443041
2024-12-10,4363.0,4423.288944687637,4342.871163165953,4356.700516597411,2087828,4198.718786621093,4281.05595740305,4203.931545947012,78.69029968848389,77.12441145603862,54.35314334275205
2024-12-11,4357.97998046875,4378.847047235939,4337.850664985335,4362.310844845357,1635256,4209.976818847656,4292.890422490082,4215.34254109677,76.99860139543193,77.5478813933114,58.99209095286392
2024-12-12,4385.048828125,4414.6271298014035,4356.5528821629905,4360.539142507212,1914642,4222.652282714844,4307.068638741607,4227.913377172935,70.52395279139465,79.15526156867236,63.02472507602561
2024-12-13,4403.701171875,4424.371666662094,4325.448584466717,4365.362613963178,1967048,4238.575939941406,4321.935182300591,4240.934695299014,67.22712953106888,81.00048700157731,66.61987746113596
2024-12-16,4345.92236328125,4404.783863782896,4328.007742805228,4389.034915890042,1646224,4251.829675292969,4325.625517836077,4248.711559593994,56.48337307684786,76.91395824208303,68.67869361732537
2024-12-17,4260.58251953125,4363.393811274363,4250.247272573856,4340.8037221053055,3225027,4267.037243652344,4315.618902712257,4249.590889959716,49.630856156888846,66.02801275254114,68.14855744436852
2024-12-18,4279.62890625,4293.556785484744,4222.2928946144,4244.046224337432,1575404,4282.210363769531,4310.081980179602,4251.815928203441,60.71836210217959,58.26605197616118,66.17205635072705
2024-12-19,4204.87060546875,4295.525583873814,4195.126039979421,4214.812225056753,3015763,4292.006689453125,4293.895614839471,4248.338496889761,50.09897914889158,45.55711794971012,62.04906867052367
2024-12-20,4104.86474609375,4313.24321027579,4087.3442333797852,4261.074819097192,4116989,4288.3499755859375,4264.813942724744,4237.710811645612,41.506283908582425,27.103131079132254,55.05988115224539
2024-12-23,4093.052978515625,4150.832123971284,4050.3340530174855,4134.147889868673,2195338,4280.632971191406,4238.389179000264,4226.995416598947,38.19753187498302,11.393762401317872,46.326657402059894
2024-12-24,4113.92041015625,4151.816315358072,4093.0528623167015,4093.0528623167015,1181886,4272.108825683594,4219.2401376396465,4218.619490195784,34.96130439010908,0.6206474438622536,37.18545541042037
2024-12-26,4103.68359375,4134.049628782047,4078.140577688001,4113.920313335754,1208464,4264.064562988281,4201.462207810469,4210.105720088689,19.419442638599733,-8.643512278219532,28.01966187269239
2024-12-27,4099.50048828125,4115.347963377728,4082.1765493053435,4097.679420039338,858100,4260.124865722656,4185.775789421359,4201.912739954804,20.012879972437915,-16.136950533445088,19.188339391464893
2024-12-30,4093.545166015625,4133.409691121346,4047.479684808028,4085.8677460209447,1527169,4254.61025390625,4171.586462743554,4193.885512255606,18.615604986862024,-22.29904951205208,10.890861610761501
2024-12-31,4030.549560546875,4074.9912673216186,3968.7841551770334,4070.1187442915557,1555429,4245.660437011718,4149.8884777902185,4181.786552869774,17.000502607792882,-31.898075079555383,2.3330742726981244
2025-01-01,4047.9228515625,4069.134524093068,4021.346260950125,4030.1557808587904,763161,4236.294738769531,4134.2014583705695,4171.870723143309,19.959996934485986,-37.66926477273955,-5.667393536389411
2025-01-02,4110.2294921875,4117.365734495675,4032.6661128651804,4055.3542496108485,1720835,4227.502404785157,4130.513463573174,4167.304706035471,25.075857817739305,-36.791242462297305,-11.89216332157099
2025-01-03,4035.5693359375,4114.36357856104,4028.088729938378,4114.36357856104,1791953,4209.580603027343,4115.906674706147,4157.546530472659,19.692070204777337,-41.63985576651157,-17.84170181055911
2025-01-06,4030.746337890625,4084.538741733885,4002.5949975020426,4041.081584910857,2085593,4192.330590820313,4102.805084426836,4148.15392361473,21.57316355107055,-45.348839187893645,-23.343129286026016
2025-01-07,3965.093017578125,4075.3849175960827,3948.605837566856,4050.3835586581686,2669054,4171.470617675781,4081.618612603958,4134.593856500907,22.367475983282475,-52.97524389694945,-29.269552208210705
2025-01-08,4043.93603515625,4061.259974116957,3954.708497578382,3971.5893051277485,2181277,4155.517419433594,4075.821292996618,4127.8784623272295,30.17633936271747,-52.05716933061149,-33.827075632690864
2025-01-09,3975.4775390625,4072.8256284632957,3962.140100567154,4036.6522632657784,2392472,4136.392297363282,4060.3837923913693,4116.5895050483605,30.499551710969797,-56.20571265699118,-38.30280303755093
2025-01-10,4198.71875,4229.576941801279,4104.569664256768,4134.098942416888,7894300,4127.075793457031,4081.666093561928,4122.673152822556,56.59634473282149,-41.007059260628466,-38.84365428216644
2025-01-13,4223.76953125,4255.119877078866,4161.068839592267,4178.392778567286,4003771,4118.079211425781,4103.528160898554,4130.161773446812,59.019311297002616,-26.633612548257588,-36.40164593538467
2025-01-14,4166.6298828125,4246.211378062048,4152.8495539595815,4234.498194661013,3441709,4109.114587402344,4113.236118116084,4132.863114881307,53.463533896102646,-19.62699676522334,-33.0467161013524
2025-01-15,4182.9208984375,4189.663513268121,4141.432357556204,4151.81662842586,1653474,4105.231506347656,4123.9568535501485,4136.5710988484325,55.16557547792031,-12.614245298284004,-28.960221940738727
2025-01-16,4140.2998046875,4226.62391813247,4126.0768244014525,4193.1574036432985,2637705,4098.265051269531,4126.471153725126,4136.847299280956,52.532820850144134,-10.37614555582968,-25.243406663756918
2025-01-17,4124.2998046875,4160.60009765625,4100.0498046875,4159.89990234375,1761466,4094.2365112304688,4126.13710002703,4135.917855236996,51.88572961453699,-9.780755209965719,-22.15087637299868
2025-01-20,4077.800048828125,4145.7998046875,4068.10009765625,4145.7998046875,1287799,4092.8832763671876,4118.700630611814,4131.612832540042,52.956994340186505,-12.91220192822857,-20.30314148404466
2025-01-21,4035.85009765625,4111.0,4030.0,4095.300048828125,1971591,4090.0231323242188,4105.954394772496,4124.519296622724,49.26701909040997,-18.564901850228125,-19.95549355728135
2025-01-22,4156.60009765625,4163.14990234375,4044.199951171875,4050.0,2409223,4092.157116699219,4113.746041369996,4126.895652254837,52.62877443256871,-13.149610884840513,-18.594317022793184
2025-01-23,4145.4501953125,4191.35009765625,4140.0498046875,4168.0,1822998,4094.2454467773437,4118.623603514997,4128.2700628517005,56.71256731627958,-9.646459336703629,-16.804745485575275
2025-01-24,4152.35009765625,4178.0,4104.0,4104.0,1910099,4096.887927246094,4123.812294921344,4130.0537691335185,57.409910546524586,-6.24147421217458,-14.692091230895137
2025-01-27,4065.14990234375,4156.35009765625,4041.050048828125,4102.0,1551470,4095.4681640625,4114.787311447868,4125.246075297239,55.940950144974764,-10.45876384937128,-13.845425754590368
