Price,Close,High,Low,Open,Volume,SMA_20,EMA_12,EMA_26,RSI,MACD,MACD_Signal,Target
2024-03-22,3803.62255859375,3829.979291151296,3749.2560100020937,3790.103935402895,5852485,3968.4077392578124,3937.2291392386733,3954.228047490108,36.67464703726463,-16.99890825143484,6.734746557163133,0
2024-03-26,3771.138916015625,3838.440690058343,3765.254821991244,3768.707491827349,3440925,3959.9172119140626,3911.676797204358,3940.6658896031095,35.65176083550173,-28.98909239875138,-0.4100212340197693,0
2024-03-27,3735.542724609375,3788.158838368847,3724.3581734819695,3781.8371355577046,1968575,3952.129357910156,3884.5792475743606,3925.4715810850553,37.339131325867534,-40.8923335106947,-8.506483689354754,1
2024-03-28,3769.971923828125,3807.6103232125056,3735.153881557504,3744.490645526798,4311783,3941.037219238281,3866.947351613401,3913.953087954912,35.74249083258866,-47.00573634151078,-16.206334219785962,1
2024-04-01,3809.3125,3825.408576562606,3781.399796164316,3790.7849991059966,1569676,3931.204541015625,3858.0804513651856,3906.201933291585,35.36503024604714,-48.12148192639961,-22.589363761108693,0
2024-04-02,3777.266357421875,3802.601846327223,3766.76255686981,3783.29624224724,2142666,3920.929333496094,3845.6475138354454,3896.651149893829,32.32051085515104,-51.00363605838356,-28.27221822056367,1
2024-04-03,3839.0244140625,3871.799965376353,3745.365904713473,3745.365904713473,3973090,3913.778515625,3844.6285754088385,3892.382502795212,31.672285716968915,-47.75392738637356,-32.16856005372565,1
2024-04-04,3893.48828125,3918.142780385877,3827.304866462404,3866.83972932028,3394637,3910.014685058594,3852.1454532305556,3892.4644123103812,39.30250860252906,-40.31895907982562,-33.79863985894564,0
2024-04-05,3870.09814453125,3892.224106154191,3851.862461874981,3868.8824323541658,1636819,3908.417236328125,3854.907405738355,3890.807651734149,32.33814636995248,-35.900245995794194,-34.21896108631535,0
2024-04-08,3863.581787109375,3922.033083278546,3851.375989955484,3873.7450929274473,2302538,3903.9555786132814,3856.241925949281,3888.7909210212033,30.771653888400408,-32.54899507192249,-33.88496788343679,0
2024-04-09,3838.294921875,3905.694048254169,3817.384673734395,3874.717608938137,1876992,3896.0753173828125,3853.4808483993916,3885.0504766400027,32.85892948250006,-31.56962824061111,-33.42189995487165,1
2024-04-10,3875.349853515625,3880.747662969457,3810.528176426063,3847.8747588285305,2101965,3889.3791748046874,3856.845310724966,3884.331911964123,50.79265562509103,-27.4866012391567,-32.23484021172866,1
2024-04-12,3891.640380859375,3903.262778963109,3837.273828513629,3862.0743563623423,4354821,3880.0984130859374,3862.198398437952,3884.873280030438,53.217317622136896,-22.67488159248569,-30.322848487880066,0
2024-04-15,3833.091796875,3952.717874429233,3811.549472195389,3891.640447506282,4200329,3869.9934204101564,3857.7204597359596,3881.0376146115163,47.0168376025639,-23.317154875556753,-28.921709765415404,0
2024-04-16,3766.567626953125,3820.934173085947,3756.8906068381593,3794.966612030053,3051420,3853.7125732421873,3843.6969470001386,3872.5583562664506,46.462396192420734,-28.861409266311966,-28.90964966559472,0
2024-04-18,3756.06396484375,3828.034118494304,3744.393129116633,3770.458043062613,3476284,3836.3400390625,3830.2149497453097,3863.9291420869913,48.49776052044483,-33.71419234168161,-29.870558200812102,0
2024-04-19,3721.246337890625,3746.873645835248,3696.640275674437,3732.7227084538367,2957749,3820.47255859375,3813.4505479215118,3853.360045479853,48.573131459627206,-39.90949755834117,-31.878346072317918,1
2024-04-22,3758.593017578125,3771.6253567885888,3707.4357555642346,3731.749998452248,1728883,3814.992150878906,3805.0109278686828,3846.3402656352805,48.87088975089223,-41.329337766597746,-33.768544411173885,1
2024-04-23,3768.416015625,3788.159229315325,3754.702924424176,3770.701649547033,1807586,3810.314111328125,3799.3809413696545,3840.5680989678526,45.68939517926199,-41.187157598198155,-35.252267048578744,0
2024-04-24,3725.96337890625,3791.07687601712,3719.544323594792,3783.296318036582,1317312,3803.4137451171873,3788.0859317598997,3832.0788604447707,44.70860127706485,-43.992928684871,-37.0003993758372,1
2024-04-25,3746.532958984375,3767.394531605907,3706.463134746145,3706.657601197812,2856271,3800.5592651367188,3781.6931667175113,3825.74212700326,39.57463624260363,-44.04896028574876,-38.41011155781951,0
2024-04-26,3716.529296875,3770.458238943657,3698.2449391305313,3749.401962592489,2039178,3797.8287841796873,3771.66795597251,3817.6522877345,28.88964613368283,-45.984331761990234,-39.92495559865365,1
2024-04-29,3764.039306640625,3771.4309315368455,3714.438250607191,3732.722608947488,1110693,3799.25361328125,3770.494317613758,3813.6809558016203,38.036181972906206,-43.18663818786217,-40.57729211649536,0
2024-04-30,3715.848388671875,3775.272493268424,3705.490616178965,3765.789938541982,2203078,3796.5474365234377,3762.087251622699,3806.4340989771945,34.76732969363282,-44.34684735449537,-41.33120316409536,1
2024-05-02,3757.32861328125,3764.914704518402,3674.417045390118,3674.417045390118,2491044,3793.9482421875,3761.3551534163225,3802.79665559231,41.92140397511025,-41.44150217598735,-41.353262966473764,0
2024-05-03,3737.97412109375,3786.797307782585,3693.4306208015673,3783.4417525141935,2962234,3791.9836303710936,3757.758071520542,3797.9949863701945,35.79114082272807,-40.236914849652294,-41.129993343109476,1
2024-05-06,3813.494384765625,3831.875856708849,3747.310970665456,3747.310970665456,2053831,3790.70712890625,3766.3328889428626,3799.143089955041,42.799535334884624,-32.81020101217837,-39.46603487692326,1
2024-05-07,3869.80615234375,3878.6079555993488,3806.151513098809,3822.977016362857,2062112,3789.5230224609377,3782.2518525429996,3804.3773908727235,53.39690645733435,-22.125538329723895,-35.99793556748339,0
2024-05-08,3867.861083984375,3875.0095663734273,3830.563177847568,3852.348644505229,1247685,3789.411169433594,3795.4225035339805,3809.0798866587716,60.64387957299083,-13.657383124791068,-31.529825078944924,0
2024-05-09,3851.570556640625,3862.074357102614,3802.7962801729855,3853.32122962492,1726486,3788.8106079101562,3804.0606655503875,3812.2273436944647,59.91521269568982,-8.166678144077196,-26.857195691971377,0
2024-05-10,3787.089111328125,3864.6031074267457,3778.4820118323983,3853.9048405813305,1672489,3786.2503173828127,3801.4496572085013,3810.365252408069,56.43900976218171,-8.915595199567633,-23.26887559349063,1
2024-05-13,3839.510498046875,3846.512952013115,3763.844532058345,3777.9467919329823,931326,3784.458349609375,3807.3051711836356,3812.524159492425,57.68658827894895,-5.218988308789449,-19.658898136550395,0
2024-05-14,3794.188720703125,3837.565422637813,3786.11634501382,3828.0341924544327,1058317,3779.5857666015627,3805.2872557250957,3811.165978841366,52.29354210327577,-5.878723116270066,-16.90286313249433,0
2024-05-15,3773.959228515625,3819.2323938552713,3769.1937321404057,3797.3982523912314,1115021,3776.6291381835936,3800.4675592313306,3808.4099232616813,54.44710217085527,-7.9423640303507455,-15.110763312065613,1
2024-05-16,3821.5205078125,3829.8964642714295,3765.240327516879,3811.871212722825,2599399,3779.3767822265627,3803.7064743976644,3809.3810776728533,56.617066334609426,-5.674603275188929,-13.223531304690276,0
2024-05-17,3756.031982421875,3840.182831975143,3752.0153689961217,3839.203193497598,2765804,3779.3751831054688,3796.3719371706197,3805.4292928394475,53.280369924796176,-9.057355668827768,-12.390296177517776,0
2024-05-21,3742.4150390625,3766.465212644621,3732.471803718336,3752.6034232070624,1908117,3780.4336181640624,3788.0708759232166,3800.7615703374513,48.09717260210406,-12.690694414234713,-12.450375824861164,1
2024-05-22,3753.974853515625,3763.0365099339497,3739.819124566317,3756.913769110757,1311168,3780.2027099609377,3782.825334014356,3797.2958876099087,53.586125241346885,-14.470553595552701,-12.854411378999473,1
2024-05-23,3814.17333984375,3825.488211966575,3747.6069538740417,3762.742320348681,2095742,3782.490576171875,3787.648104141955,3798.54606925686,55.16487328940025,-10.897965114904764,-12.463122126180531,0
2024-05-24,3771.118408203125,3804.720056608894,3766.0243358337225,3799.2830150964464,1309452,3784.748327636719,3785.10507399752,3796.514390660287,52.88712442755787,-11.409316662767196,-12.252361033497866,0
2024-05-27,3768.718505859375,3828.770396397948,3763.134613996444,3776.506584444745,1841538,3785.8576049804688,3782.5840635147283,3794.45543623059,45.5302908447512,-11.871372715861526,-12.176163369970599,0
2024-05-28,3761.713623046875,3791.2008363305977,3752.015297970592,3779.445174822596,1801993,3788.1168212890625,3779.373226519674,3792.0301167355,38.03159410244863,-12.656890215826024,-12.272308739141685,0
2024-05-29,3726.201904296875,3770.5305466531386,3722.6263194210433,3770.5305466531386,1568095,3786.224951171875,3771.193023100782,3787.1539528511576,35.40020874242252,-15.960929750375726,-13.010032941388495,0
2024-05-30,3660.027587890625,3717.140322546408,3639.797908853329,3700.094707884028,2919230,3783.4339111328127,3754.0906484530656,3777.7371850763034,32.099621166143876,-23.646536623237807,-15.13733367775836,0
2024-05-31,3596.203857421875,3673.4484478197846,3579.354123272811,3663.847942809528,10956800,3775.3776733398436,3729.8003729098054,3764.290271916716,32.139130323542744,-34.48989900691049,-19.007846743588786,1
2024-06-03,3627.45458984375,3675.162937939019,3620.743970313197,3656.794715687024,2156773,3769.851696777344,3714.05486782272,3754.1542954668666,29.339697904857772,-40.099427644146544,-23.22616292370034,1
2024-06-04,3639.357177734375,3668.7463339475735,3518.3718179900425,3624.662599627776,3395997,3761.1448364257812,3702.562915501436,3745.65080526446,33.864229419571245,-43.08788976302412,-27.198508291565098,1
2024-06-05,3670.16650390625,3706.756096486479,3624.662344736642,3640.336560281449,2799670,3751.1628540039064,3697.578852179099,3740.059375534222,39.416620239053664,-42.48052335512284,-30.254911304276646,1
2024-06-06,3752.4072265625,3761.713792341841,3665.317459305752,3704.013180177749,4328036,3745.3901611328124,3706.0139866996224,3740.974031165946,43.41824184510939,-34.96004446632378,-31.195937936686075,1
2024-06-07,3814.663330078125,3835.2847685577945,3759.1669041268415,3759.1669041268415,4552445,3743.5447998046875,3722.729270296315,3746.4324977520337,55.61813681683986,-23.70322745571866,-29.697395840492597,0
2024-06-10,3780.130859375,3826.369746628105,3763.6728854931703,3815.691783133879,1734661,3743.196887207031,3731.560284000728,3748.9286726870682,53.47470512555218,-17.36838868634004,-27.231594409662087,0
2024-06-11,3773.66552734375,3800.9483158199455,3762.7914444244025,3766.7099983889166,1419898,3739.904638671875,3738.0380137458083,3750.761032291267,51.83126388155376,-12.723018545458672,-24.329879236821405,0
2024-06-12,3753.6318359375,3814.2225740099775,3749.5174019913065,3795.511382627863,2177001,3737.8767944335937,3740.4370633137605,3750.97368441321,43.91494298679131,-10.536621099449349,-21.571227609346995,1
2024-06-13,3799.18505859375,3810.7938708088977,3773.567606775289,3778.269919539762,1932323,3739.1380859375,3749.4752164337588,3754.544897315472,52.80689666285938,-5.069680881713339,-18.270918263820263,0
2024-06-14,3754.02392578125,3809.8142929599535,3750.0563418489855,3809.8142929599535,1860730,3735.7632568359377,3750.1750178718344,3754.5063068314557,48.646209751680296,-4.331288959621361,-15.482992402980484,0
2024-06-18,3737.4189453125,3763.7711253531625,3717.777145509997,3748.145939077396,1774045,3734.8326049804687,3748.2125451703987,3753.2405763485704,47.8006703788131,-5.028031178171659,-13.39200015801872,0
2024-06-19,3724.291748046875,3755.787270257497,3715.7199109177072,3749.713320041751,1509050,3733.9264404296873,3744.5324225360105,3751.096218696593,49.81977466304497,-6.563796160582569,-12.02635935853149,0
2024-06-20,3710.135986328125,3732.373732906952,3703.082636815265,3718.7078233814937,2846526,3731.7344970703125,3739.2406631194126,3748.06212741004,55.24237464419774,-8.821464290627318,-11.385380344950656,1
2024-06-21,3733.1572265625,3798.842032525653,3720.715866070661,3749.076351388752,4642195,3727.68369140625,3738.3047498029646,3746.9580606805926,65.66561719282782,-8.653310877627973,-10.83896645148612,1
2024-06-24,3739.084228515625,3778.465647895979,3714.103447073741,3731.198090853983,1702154,3726.081982421875,3738.424669604912,3746.3748138535575,63.55416954458274,-7.950144248645302,-10.261202010917957,1
2024-06-25,3760.293212890625,3769.305838922121,3715.670633038322,3739.280015679649,1338808,3725.6607177734377,3741.789060879637,3747.405806374822,64.35963529980624,-5.616745495185114,-9.33231070777139,1
2024-06-26,3777.339111328125,3788.212954904168,3762.791384299501,3766.220118963664,1639845,3726.4419921875,3747.2582994101735,3749.623088223215,63.15538056830366,-2.3647888130412866,-7.938806328825369,1
2024-06-27,3854.044677734375,3861.734935564597,3740.357822070456,3752.995062949765,4526556,3732.834130859375,3763.686972998512,3757.358020779597,62.647811020636574,6.328952218914765,-5.085254619277343,0
2024-06-28,3824.655517578125,3879.368422948388,3818.4839864227138,3838.027726477141,2731571,3741.06552734375,3773.066749087683,3762.343020542451,51.35420582022626,10.723728545232007,-1.9234579863754728,1
2024-07-01,3897.19775390625,3920.219258189819,3804.915856909854,3804.915856909854,2658723,3756.1152221679686,3792.163826752078,3772.3322600508804,64.38375313168933,19.831566701197517,2.427546951139125,1
2024-07-02,3935.599853515625,3941.477684872996,3901.45959321664,3912.284647133711,2307449,3771.5224853515624,3814.230907792624,3784.4261558630837,68.44866478086608,29.80475192954009,7.9029879468193185,0
2024-07-03,3884.511474609375,3944.122571659196,3874.470180210599,3938.1466812760073,1821198,3783.7802001953123,3825.0433026875085,3791.839883177624,63.925355028586715,33.2034195098845,12.963074259432354,1
2024-07-04,3939.077392578125,3964.939992570708,3901.018580221167,3918.407163657249,2518001,3797.2257446289063,3842.5870088245265,3802.7463653554387,64.60420000193704,39.84064346908781,18.338588101363445,0
2024-07-05,3930.11376953125,3944.759317225375,3906.798325472104,3928.350372402993,1668616,3806.1110717773436,3856.0526643178687,3812.18098788698,69.88601022555329,43.87167643088878,23.445205767268515,0
2024-07-08,3911.892578125,3949.167872482437,3897.051149881357,3940.106215968834,1758882,3810.9725341796875,3864.6434202881965,3819.5670316083147,69.63182566385879,45.0763886798818,27.771442349791172,0
2024-07-09,3904.34912109375,3925.3623184354674,3894.160976676417,3903.859301858887,1305801,3817.183447265625,3870.751989642897,3825.8471863850136,70.51793161199502,44.904803257883486,31.198114531409637,0
2024-07-10,3829.553955078125,3921.787068375789,3822.5496350896506,3902.5860570627137,2669716,3819.9778686523437,3864.413830479086,3826.1217618437627,61.95566731716093,38.292068635323176,32.61690535219235,1
2024-07-11,3843.8076171875,3898.9613137562046,3816.279918247893,3850.9590262250354,4872189,3824.4866577148437,3861.243643818842,3827.431825202558,61.27584449911231,33.8118186162842,32.85588800501072,1
2024-07-12,4098.7587890625,4114.4330054282855,3890.4385136742408,3898.961320989225,13509164,3839.4653442382814,3897.7844353947894,3847.5301188218127,74.3129634305537,50.25431657297668,36.33557371860391,0
2024-07-15,4084.30908203125,4153.667297454993,4072.4060914203146,4149.455043182372,4848030,3855.979602050781,3926.4805348773216,3865.069301281771,72.10453330064433,61.411233595550584,41.35070569399325,1
2024-07-16,4093.37060546875,4109.142402353893,4060.503447402056,4087.051745925721,2029521,3873.7771850585937,3952.1559303529257,3881.980508999325,71.79729399779411,70.17542135360054,47.115648825914704,1
2024-07-18,4227.6787109375,4236.93648604033,4075.296134549774,4075.296134549774,5613364,3898.946533203125,3994.54405044286,3907.5877832169676,73.87329908759494,86.95626722589259,55.083772505910275,0
2024-07-19,4224.58544921875,4279.916382656846,4207.745724985431,4239.314154865978,3903354,3924.6690063476562,4029.9350348699204,3931.0690918096925,76.44201543345288,98.86594306022789,63.840206616773806,0
2024-07-22,4209.80810546875,4241.818590319842,4187.862236778732,4222.1803148836,1896386,3948.5015502929687,4057.607814962048,3951.716426154808,72.37807554967716,105.89138880724022,72.25044305486709,1
2024-07-23,4224.537109375,4282.8137917236645,4189.13882773974,4205.536980663162,2365208,3972.7741943359374,4083.289244871733,3971.9253656526,71.40905510771216,111.3638792191332,80.07313028772032,1
2024-07-24,4228.3662109375,4260.622174468574,4190.906296157616,4209.955327580733,1809793,3996.177844238281,4105.60877811262,3990.920983821852,77.3969397135791,114.68779429076767,86.99606308832979,1
2024-07-25,4244.322265625,4264.4514978853385,4196.896022372138,4217.319636983082,2810342,4019.527001953125,4126.949314652986,4009.691449140604,75.91510392506302,117.25786551238161,93.04842357314016,1
2024-07-26,4308.490234375,4342.464545151934,4258.608729472141,4271.324703991635,3552210,4042.2492797851564,4154.878686917911,4031.8246924913,79.37081941066955,123.0539944266111,99.04953774383435,0
2024-07-29,4301.86279296875,4350.860197383269,4291.945367357768,4335.149576043135,1746803,4066.1096435546874,4177.491626310348,4051.827514748889,80.825590838073,125.66411156145887,104.37245250735927,0
2024-07-30,4286.3974609375,4318.456850304975,4249.035353541636,4311.681741041037,1797906,4085.56962890625,4194.24637009914,4069.2030663184155,79.82586347806463,125.04330378072473,108.50662276203236,1
2024-07-31,4306.03564453125,4334.167378134563,4266.415328045917,4271.32489689292,2330091,4104.091418457031,4211.444720011772,4086.7462202601073,90.7035101469454,124.69849975166471,111.74499815995884,1
2024-08-01,4317.5732421875,4339.371440757876,4286.102617400063,4319.831452135074,2202244,4125.7445068359375,4227.772184961884,4103.844518180655,90.66016956823462,123.92766678122916,114.18153188421292,0
2024-08-02,4205.5859375,4318.457126714295,4192.772153494779,4286.053969556137,2811282,4139.069934082031,4224.358916121594,4111.380919611717,62.14972266587291,112.9779965098769,113.94082480934573,0
2024-08-05,4079.90087890625,4162.332736944009,4036.156809438158,4162.332736944009,2787771,4146.559289550782,4202.134602703849,4109.049064744646,49.59988228703527,93.08553795920307,109.7697674393172,1
2024-08-06,4095.7587890625,4181.234188453704,4085.546502593992,4095.513310627201,2203067,4155.752600097656,4185.769092912872,4108.064599879302,50.21412554385086,77.70449303357054,103.35671255816789,1
2024-08-07,4124.47998046875,4168.175144224216,4104.694033994683,4151.531513665411,1237666,4166.759143066406,4176.3399986907,4109.280553997039,38.58604842063197,67.05944469366113,96.09725898526655,0
2024-08-08,4097.083984375,4155.458948002559,4084.7611587170704,4105.381347258672,2441283,4180.13564453125,4164.146765719053,4108.377104395407,36.61754561472381,55.76966132364669,88.03173945294257,1
2024-08-09,4152.267578125,4176.717133478339,4129.486988399369,4140.730092096512,1302536,4195.558642578125,4162.319198396891,4111.628250597599,44.43280179219157,50.69094779929219,80.5635811222125,0
2024-08-12,4119.76611328125,4162.332168001852,4110.634507665087,4153.494944715224,936912,4196.6090087890625,4155.772569917562,4112.231055240832,40.200152178500076,43.54151467673,73.159167833116,1
2024-08-13,4121.04345703125,4157.423172797769,4107.345567268085,4136.802982285547,1495593,4198.445727539062,4150.429629473514,4112.883825743826,39.913321297684064,37.54580372968849,66.03649501243049,1
2024-08-14,4217.5654296875,4228.317578037032,4112.40236132334,4132.875360818273,3226545,4204.65546875,4160.75821412182,4120.638018628542,47.816012243531496,40.120195493277606,60.85323510859992,1
2024-08-16,4336.18017578125,4346.932323500371,4246.875404760914,4271.32496210224,3457058,4210.080541992187,4187.7462082232705,4136.604104343558,52.07566064710804,51.14210387971252,58.91100886282244,1
2024-08-19,4408.79296875,4412.966102406389,4310.945354320212,4341.040916446269,2055210,4219.29091796875,4221.75340215046,4156.766242447739,57.29400440318815,64.98715970272042,60.12623903080204,1
2024-08-20,4441.490234375,4482.436229168461,4418.611835982054,4423.5214046887,2212298,4230.875024414063,4255.559068646543,4177.856908516425,60.336315048201214,77.70216013011759,63.64142325066515,1
2024-08-21,4469.1806640625,4477.52693136878,4411.29665372891,4436.286551737751,1896990,4243.107202148438,4288.423929479767,4199.436445964283,60.75750482785532,88.9874835154842,68.71063530362896,0
2024-08-22,4420.57568359375,4478.459690688716,4415.862689393936,4477.526680850177,1829872,4252.71767578125,4308.754968574226,4215.817130233132,56.47527351599043,92.937838341094,73.55607591112197,0
2024-08-23,4383.16455078125,4424.503214207465,4374.425614579285,4418.611731898268,1809253,4259.6597900390625,4320.2025966060755,4228.2132354589185,62.318573531533744,91.98936114715707,77.24273295832899,1
2024-08-26,4421.017578125,4469.818401872383,4403.882992094799,4407.810646937247,1844164,4265.286157226563,4335.712593762833,4242.495038619369,76.94683742340519,93.21755514346478,80.43769739535614,0
2024-08-27,4415.8134765625,4428.431164573309,4405.650573010988,4423.521595654713,930697,4270.98369140625,4348.035806501244,4255.333441429971,75.7158774373259,92.70236507127356,82.89063093053963,1
2024-08-28,4424.55224609375,4479.981468869434,4376.6839509469255,4417.384467523588,1848058,4277.891430664063,4359.807566438552,4267.868167701362,74.91021672830568,91.93939873719046,84.7003844918698,1
2024-08-29,4430.19873046875,4473.599514554176,4379.335784660146,4379.335784660146,2133641,4284.099584960937,4370.636976289352,4279.892653832279,78.68918226753452,90.74432245707249,85.90917208491034,1
2024-08-30,4471.39013671875,4509.193819455762,4406.63272736712,4418.6122679625305,3637222,4291.7904296875,4386.137462509259,4294.077652564611,78.16287994677363,92.0598099446488,87.13929965685803,0
2024-09-02,4439.28076171875,4505.020076011625,4430.394634473508,4493.237111558238,1216500,4303.475170898438,4394.313354695335,4304.8334384278805,78.2170097384789,89.47991626745443,87.60742297897731,0
2024-09-03,4430.73876953125,4473.500923144872,4414.586095966468,4439.281131802064,1717263,4321.017065429687,4399.917264670091,4314.159759250352,77.00336000790189,85.75750541973866,87.23743946712959,0
2024-09-04,4398.2373046875,4405.847136492228,4356.457065075125,4395.979094770648,1265505,4336.1409912109375,4399.658809288154,4320.387725579029,67.73316668072479,79.27108370912447,85.64416831552857,0
2024-09-05,4394.9970703125,4417.629990620445,4373.591062750139,4399.955543002937,1688793,4349.666845703125,4398.941618676515,4325.914343707434,57.46324973575002,73.02727496908028,83.12078964623892,0
2024-09-06,4376.14404296875,4437.219269128685,4359.696987890559,4393.033151008172,1649179,4363.619848632812,4395.434299336859,4329.635062171235,45.2026901955945,65.79923716562371,79.65647915011587,0
2024-09-09,4369.07421875,4409.03830092537,4350.3689532319695,4374.425840570686,1184938,4374.460180664062,4391.378902323496,4332.556481177069,38.49283692521602,58.82242114642668,75.48966754937803,1
2024-09-10,4426.31982421875,4457.839350275992,4360.1389358947,4362.102763319449,1385591,4389.787866210938,4396.75442876892,4339.501913994972,43.77405329493791,57.25251477394795,71.84223699429202,0
2024-09-11,4398.33544921875,4467.069411676029,4390.381851958678,4439.674113958071,1325919,4403.6524658203125,4396.997662684278,4343.8599536411775,46.563525140558376,53.137709043100585,68.10133140405374,1
2024-09-12,4435.9921875,4450.622607300757,4351.154451209502,4428.676737874571,2742216,4414.573803710938,4402.996820348236,4350.684563556646,58.15653096950168,52.31225679158979,64.94351648156095,1
2024-09-13,4440.8037109375,4464.762313187297,4423.521931143341,4448.069777598077,1458786,4419.80498046875,4408.813265054277,4357.360055955228,53.40207674276465,51.45320909904876,62.24545500505852,0
2024-09-16,4431.6220703125,4463.828648356052,4413.162284266815,4445.123383881834,1155120,4420.946435546875,4412.322312017081,4362.860945907619,52.68149095402638,49.46136610946178,59.688637225939175,0
2024-09-17,4424.15966796875,4453.764272150941,4385.226883000954,4431.62230848725,1699364,4420.079907226563,4414.1434437019525,4367.401591986221,49.93312038331004,46.74185171573117,57.09928012389758,0
2024-09-18,4267.54443359375,4415.715125527233,4242.84939817985,4415.715125527233,2961779,4409.998095703125,4391.589749839152,4360.004765438631,31.702231440549113,31.584984400521535,51.99642097922237,0
2024-09-19,4218.44873046875,4342.219248359466,4204.35817203477,4310.650337218327,2927551,4399.891748046875,4364.952669936014,4349.51913321864,22.042588283041113,15.433536717374409,44.68384412685278,0
2024-09-20,4207.40185546875,4252.3737899385205,4151.040105806238,4238.823093407437,5447908,4391.10361328125,4340.7140830948965,4338.9919274593885,23.119019693971353,1.7221556355079883,36.09150642858383,0
2024-09-23,4191.298828125,4231.459004478235,4176.0791650499295,4222.22911114853,1702319,4379.61767578125,4317.727120791836,4328.051697879064,22.72071348385238,-10.324577087228135,26.80828972542144,1
2024-09-24,4194.0478515625,4213.39174349326,4163.314144118252,4174.753342987435,3012026,4368.52939453125,4298.699540910399,4318.1254870408,25.044995154367996,-19.425946130400916,17.56144255425697,1
2024-09-25,4197.43603515625,4212.017551040905,4163.314530454997,4175.441261828772,2713073,4357.173583984375,4283.120540025146,4309.185527641945,25.863815378962045,-26.064987616799044,8.836156520045769,1
2024-09-26,4214.865234375,4238.725549338179,4182.953033998253,4182.953033998253,3964251,4346.406909179687,4272.619723771277,4302.198839251801,30.22765502750657,-29.579115480523797,1.153102119931856,1
2024-09-27,4230.77197265625,4298.818403851764,4222.2780351461415,4256.596112539378,3012477,4334.376000976563,4266.181608215119,4296.907960244723,33.40411295208432,-30.72635202960373,-5.222788709975262,0
2024-09-30,4191.298828125,4221.001718965056,4183.001465184691,4209.365945175714,2503416,4321.976904296875,4254.661180508947,4289.085061569188,20.54164550067017,-34.423881060241,-11.06300718002841,1
2024-10-01,4210.34814453125,4218.056263856357,4166.211406289576,4178.583136778167,1823365,4310.957373046875,4247.843790358532,4283.252697344155,25.89713218206586,-35.40890698562362,-15.932187141147452,0
2024-10-03,4156.1953125,4201.608822204832,4133.85677529384,4185.505533031941,3350119,4298.8552734375,4233.744024534142,4273.841039207551,15.581663543318442,-40.09701467340892,-20.76515264759975,1
2024-10-04,4175.3427734375,4220.26532782277,4147.652613708516,4148.5856235577485,2965463,4287.87255859375,4224.759216673121,4266.544871372733,18.45764678579718,-41.78565469961177,-24.969253058002153,1
2024-10-07,4195.57080078125,4219.529403464621,4152.906451090779,4196.601618570953,1472619,4278.843896484375,4220.268691151295,4261.287532810401,22.6695823152496,-41.01884165910633,-28.17917077822299,0
2024-10-08,4176.32470703125,4202.001656010186,4127.916550358536,4195.324834210528,1541867,4269.2064208984375,4213.508078209749,4254.993990160094,22.06743447844711,-41.485911950344416,-30.840519012647277,0
2024-10-09,4176.03076171875,4217.320047940068,4169.893800065752,4182.953062683279,1082504,4256.691967773438,4207.742337211134,4249.144862127402,34.074030013086116,-41.402524916267794,-32.952920193371384,0
2024-10-10,4150.9423828125,4216.19074786921,4122.663456603558,4176.324950925273,2378875,4244.322314453125,4199.003882688267,4241.870604400372,37.18082571308298,-42.86672171210466,-34.93568049711804,0
2024-10-11,4074.156982421875,4165.229488527156,4038.0716498141214,4068.068925004607,5759183,4226.230554199219,4179.796667262669,4229.447373142706,29.7525284715055,-49.650705880037094,-37.87868557370185,0
2024-10-14,4061.833251953125,4090.0632711112576,4047.644886515852,4065.122758771127,2137590,4207.28203125,4161.64844952274,4217.031512313848,30.098230765362302,-55.38306279110839,-41.37956101718316,0
2024-10-15,4042.34228515625,4094.531383895366,4020.936757446088,4056.33455592392,2759474,4187.818041992187,4143.293655004818,4204.091569561433,27.821045282636348,-60.79791455661507,-45.26323172506954,0
2024-10-16,4020.8876953125,4040.5751141050914,3993.639588528437,4011.1177013655647,2359151,4167.654443359375,4124.4619688983075,4190.52091220966,25.48415224369188,-66.05894331135278,-49.42237404232619,1
2024-10-17,4034.68359375,4055.254878567037,4018.9238301370233,4038.414674215347,2522659,4156.011401367187,4110.649911183184,4178.977407138575,24.72458224997328,-68.32749595539099,-53.20339842493915,1
2024-10-18,4058.356201171875,4081.0938417563607,4015.981878743336,4025.824971583393,2361000,4148.006774902344,4102.604725027598,4170.042502992893,26.32967616386675,-67.43777796529503,-56.05027433301033,0
2024-10-21,4015.834228515625,4074.991311135829,4006.138686185549,4067.756541954516,1595450,4138.428393554687,4089.25541787191,4158.6196678464285,26.11109375301227,-69.36424997451832,-58.71306946131193,0
2024-10-22,3952.493896484375,4025.628123729215,3943.487562735876,4002.201514906106,1928049,4126.488146972656,4068.215183812289,4143.351092189981,18.672201139364176,-75.13590837769152,-61.99763724458785,1
2024-10-23,4002.447509765625,4049.0051452980897,3932.463025582815,3936.8433940172417,1966476,4116.908129882812,4058.0970801128024,4132.9137897881765,31.127968800289125,-74.81670967537411,-64.5614517307451,0
2024-10-24,3984.38525390625,4014.9973672208257,3941.174174638928,3941.174174638928,2676744,4106.255590820312,4046.756799157948,4121.911676019145,26.49798801946116,-75.1548768611965,-66.68013675683538,1
2024-10-25,3993.884033203125,4027.7934387000982,3969.42385229137,3993.391878579628,1759676,4095.2065307617186,4038.622527472591,4112.428146921662,24.504146387380914,-73.80561944907095,-68.1052332952825,1
2024-10-28,4026.66162109375,4069.134469419595,3987.436801068887,4005.105104174324,1532534,4085.001013183594,4036.7823880296924,4106.075070934409,31.706465494088363,-69.29268290471691,-68.3427232171694,0
2024-10-29,4011.306396484375,4039.113133666311,3996.394207004564,4031.583263792324,1445885,4076.0013916015623,4032.863004715028,4099.055169123296,30.58051428706291,-66.19216440826767,-67.91261145538905,1
2024-10-30,4020.55859375,4042.55800112918,3996.344730916741,4011.060105819676,1935002,4066.5119140625,4030.9700184127164,4093.240607984533,34.032754183369846,-62.2705895718168,-66.78420707867461,0
2024-10-31,3906.18212890625,4014.308599846557,3897.864763520815,4006.1387847297274,3740372,4054.0112548828124,4011.7718815655676,4079.384424349105,31.163510665500738,-67.61254278353726,-66.94987421964714,1
2024-11-01,3921.684814453125,3936.203375700577,3913.662790294584,3927.2463058287503,154895,4041.3283569335936,3997.912332779038,4067.7029717642176,34.39518737801265,-69.79063898517961,-67.51802717275365,0
2024-11-04,3901.949462890625,3929.264044897525,3851.848217603721,3904.0658719887983,2269192,4026.6472900390627,3983.148814334667,4055.424934069877,34.37647901382958,-72.27611973521016,-68.46964568524496,1
2024-11-05,3909.03662109375,3923.456655426901,3879.261266395641,3879.261266395641,967590,4013.2828857421873,3971.746938451449,4044.5813553309044,37.14154844112935,-72.8344168794556,-69.34259992408708,1
2024-11-06,4074.69580078125,4084.686443814856,3912.87545183105,3940.780715946805,3792017,4008.2161376953127,3987.5852249637255,4046.8120549938926,53.409383094918525,-59.22683003016709,-67.31944594530309,1
2024-11-07,4085.769287109375,4139.80777036327,4020.952665320235,4104.274589912992,3724349,4004.957482910156,4002.6904652938256,4049.697775891336,52.38708316821916,-47.00731059751024,-63.25701887574452,0
2024-11-08,4081.930419921875,4104.323455140882,4053.0408475923055,4089.8048938450415,1648039,4005.346154785156,4014.8812275442947,4052.085379152857,56.171294510686764,-37.20415160856237,-58.046445422308096,1
2024-11-11,4132.8193359375,4167.860359857493,4053.04078486624,4063.425535563547,1406487,4008.895458984375,4033.0255519124803,4058.0656722480157,67.23748997064591,-25.04012033553545,-51.445180404953575,0
2024-11-12,4131.53955078125,4151.816417459889,4099.00832230913,4149.847798959433,1587640,4013.355322265625,4048.181551738445,4063.508181768996,63.60616810415147,-15.326630030551314,-44.221470330073124,0
2024-11-13,4085.22802734375,4130.899880816483,4066.2305702818967,4112.542609268491,1098813,4016.5723388671877,4053.8810095238764,4065.117059218978,60.03136775658854,-11.236049695101428,-37.624386203078785,0
2024-11-14,4080.84765625,4094.7265129104985,4051.860036976369,4070.118781462719,1825432,4018.8805419921873,4058.0297244048184,4066.282288628683,58.73973237309951,-8.252564223864738,-31.750021807235978,0
2024-11-18,3956.43115234375,4146.894998090364,3927.5908423676874,4146.894998090364,3313944,4013.784289550781,4042.3991748569615,4058.1451674223918,44.03975650487529,-15.745992565430242,-28.549215958874832,1
2024-11-19,3976.16650390625,4067.3133968435623,3951.115881398178,3956.8246828361807,1776233,4011.8009033203125,4032.2095331722367,4052.072673828604,47.03979341302463,-19.86314065636725,-26.812000898373316,1
2024-11-21,4008.944091796875,4028.236409232463,3960.860488009095,3981.432455552984,2384347,4014.6234130859375,4028.630234499104,4048.877964048476,49.05888883481682,-20.247729549371797,-25.499146628573016,1
2024-11-22,4177.9990234375,4188.186720017956,3990.389589438143,4007.122846226611,3096553,4023.400988769531,4051.6100481819344,4058.4424869661816,70.23224811317944,-6.832438784247188,-21.76580505970785,1
2024-11-25,4247.39306640625,4260.189087034664,4185.480108874261,4212.843714585579,4052167,4036.551379394531,4081.7305125241364,4072.4388261839645,72.44304121569495,9.291686340171964,-15.554306779731888,1
2024-11-26,4284.4033203125,4298.085123579749,4242.373120582253,4253.249546195695,2060669,4051.07734375,4112.910944491577,4088.1398998231152,75.74032575614922,24.7710446684614,-7.489236490093232,0
2024-11-27,4264.56884765625,4308.71521363045,4256.202219033572,4290.55499634484,1558993,4062.972705078125,4136.242929593834,4101.208710773718,73.52476314663778,35.03421882011571,1.015454571948557,0
2024-11-28,4178.29443359375,4271.853320530873,4166.581249097751,4251.23184853607,2558544,4071.3221069335937,4142.712391747667,4106.918764315942,57.65955572627332,35.79362743172533,7.971089143903912,1
2024-11-29,4203.83740234375,4231.250512031332,4129.817151927626,4153.785179120677,2017425,4080.486047363281,4152.116239531681,4114.097922688373,58.54649483912994,38.01831684330773,13.980534683784676,1
2024-12-02,4209.5458984375,4220.914958216208,4163.676993000992,4203.000338296886,1670944,4095.6542358398438,4160.9515716710375,4121.168143114234,59.212655656874034,39.7834285568033,19.1411134583884,1
2024-12-03,4235.23681640625,4257.137698206271,4198.522271973675,4246.654900345047,2010905,4111.3318359375,4172.38007086107,4129.617674469198,57.67273727575412,42.762396391871334,23.865370045084987,1
2024-12-04,4286.076171875,4318.115726856116,4221.751465216019,4245.867042233743,3302642,4130.538171386719,4189.8717787093665,4141.207192795554,60.77704536430854,48.664585913812516,28.82521321883049,1
2024-12-05,4394.00537109375,4418.564078323639,4291.588189238375,4331.747813073262,3746747,4154.786608886719,4221.276946768502,4159.932983780605,69.82929353109027,61.3439629878967,35.32896317264374,0
2024-12-06,4375.74658203125,4394.940611577895,4343.510455484962,4383.128901087652,1842087,4169.839147949218,4245.0415060396945,4175.919176243616,68.60637854110944,69.1223297960787,42.087636497330735,1
2024-12-09,4382.29248046875,4399.271815609351,4346.266664568218,4360.933257388377,2066639,4184.665307617188,4266.157040567241,4191.2060876677,81.56414350588531,74.95095289954133,48.660299777772856,0
2024-12-10,4363.0,4423.288944687637,4342.871163165953,4356.700516597411,2087828,4198.718786621093,4281.05595740305,4203.931562655277,78.69029968848389,77.1243947477733,54.35311877177295,0
2024-12-11,4357.97998046875,4378.847047235939,4337.850664985335,4362.310844845357,1635256,4209.976818847656,4292.890422490082,4215.342556567386,76.99860139543193,77.54786592269556,58.99206820195747,1
2024-12-12,4385.048828125,4414.627129801404,4356.552882162991,4360.539142507212,1914642,4222.652282714844,4307.068638741607,4227.913391497579,70.52395279139465,79.15524724402803,63.024704010371586,1
2024-12-13,4403.701171875,4424.371666662094,4325.448584466717,4365.362613963178,1967048,4238.575939941406,4321.935182300591,4240.934708562573,67.22712953106888,81.00047373801772,66.61985795590081,0
2024-12-16,4345.92236328125,4404.783863782896,4328.007742805228,4389.034915890042,1646224,4251.829675292969,4325.625517836077,4248.711571875067,56.48337307684786,76.91394596100963,68.67867555692257,0
2024-12-17,4260.58251953125,4363.393811274363,4250.247272573856,4340.8037221053055,3225027,4267.037243652344,4315.618902712257,4249.590901331081,49.630856156888846,66.02800138117618,68.14854072177329,1
2024-12-18,4279.62890625,4293.556785484744,4222.2928946144,4244.046224337432,1575404,4282.210363769531,4310.081980179602,4251.815938732482,60.71836210217959,58.26604144712019,66.17204086684268,0
2024-12-19,4204.87060546875,4295.525583873814,4195.126039979421,4214.812225056753,3015763,4292.006689453125,4293.895614839471,4248.338506638873,50.09897914889158,45.55710820059812,62.049054333593766,0
2024-12-20,4104.86474609375,4313.24321027579,4087.344233379785,4261.074819097192,4116989,4288.3499755859375,4264.813942724744,4237.710820672567,41.506283908582425,27.10312205217724,55.05986787731047,0
2024-12-23,4093.052978515625,4150.832123971284,4050.3340530174855,4134.147889868673,2195338,4280.632971191406,4238.389179000264,4226.995424957238,38.19753187498302,11.393754043026092,46.32664511045359,1
2024-12-24,4113.92041015625,4151.816315358072,4093.0528623167015,4093.0528623167015,1181886,4272.108825683594,4219.2401376396465,4218.619497934943,34.96130439010908,0.6206397047035352,37.18544402930358,0
2024-12-26,4103.68359375,4134.049628782047,4078.140577688001,4113.920313335754,1208464,4264.064562988281,4201.462207810469,4210.105727254577,19.419442638599733,-8.643519444107369,28.019651334621393,0
2024-12-27,4099.50048828125,4115.347963377728,4082.176549305344,4097.679420039338,858100,4260.124865722656,4185.775789421359,4201.9127465898855,20.012879972437915,-16.13695716852635,19.188329633991845,0
2024-12-30,4093.545166015625,4133.409691121346,4047.479684808028,4085.8677460209447,1527169,4254.61025390625,4171.586462743554,4193.8855183992,18.615604986862024,-22.299055655646043,10.890852576064267,0
2024-12-31,4030.549560546875,4074.9912673216186,3968.7841551770334,4070.118744291556,1555429,4245.660437011718,4149.8884777902185,4181.786558558287,17.000502607792882,-31.898080768068212,2.3330659072377706,1
2025-01-01,4047.9228515625,4069.134524093068,4021.346260950125,4030.1557808587904,763161,4236.294738769531,4134.2014583705695,4171.87072841045,19.959996934485986,-37.66927003988076,-5.667401282185935,1
2025-01-02,4110.2294921875,4117.365734495675,4032.666112865181,4055.354249610849,1720835,4227.502404785157,4130.513463573174,4167.304710912454,25.075857817739305,-36.791247339279835,-11.892170493604716,0
2025-01-03,4035.5693359375,4114.36357856104,4028.088729938378,4114.36357856104,1791953,4209.580603027343,4115.906674706147,4157.546534988383,19.692070204777337,-41.63986028223644,-17.841708451331062,0
2025-01-06,4030.746337890625,4084.538741733885,4002.5949975020426,4041.081584910857,2085593,4192.330590820313,4102.805084426836,4148.153927795956,21.57316355107055,-45.348843369120004,-23.34313543488885,0
2025-01-07,3965.093017578125,4075.3849175960822,3948.605837566856,4050.383558658169,2669054,4171.470617675781,4081.618612603958,4134.5938603724135,22.367475983282475,-52.975247768455574,-29.269557901602198,1
2025-01-08,4043.93603515625,4061.259974116957,3954.708497578382,3971.589305127749,2181277,4155.517419433594,4075.821292996618,4127.878465911957,30.17633936271747,-52.05717291533938,-33.827080904349636,0
2025-01-09,3975.4775390625,4072.825628463296,3962.140100567154,4036.6522632657775,2392472,4136.392297363282,4060.3837923913693,4116.589508367553,30.499551710969797,-56.20571597618391,-38.30280791871649,1
2025-01-10,4198.71875,4229.576941801279,4104.569664256768,4134.098942416888,7894300,4127.075793457031,4081.666093561928,4122.673155895883,56.59634473282149,-41.007062333954764,-38.84365880176415,1
2025-01-13,4223.76953125,4255.119877078866,4161.068839592267,4178.392778567286,4003771,4118.079211425781,4103.528160898554,4130.161776292484,59.019311297002616,-26.633615393930086,-36.40165012019734,0
2025-01-14,4166.6298828125,4246.211378062048,4152.8495539595815,4234.498194661013,3441709,4109.114587402344,4113.236118116084,4132.863117516189,53.463533896102646,-19.626999400104978,-33.04671997617887,1
2025-01-15,4182.9208984375,4189.663513268121,4141.432357556204,4151.81662842586,1653474,4105.231506347656,4123.9568535501485,4136.571101288138,55.16557547792031,-12.6142477379899,-28.96022552854108,0
2025-01-16,4140.2998046875,4226.62391813247,4126.0768244014525,4193.1574036432985,2637705,4098.265051269531,4126.471153725126,4136.847301539943,52.532820850144134,-10.376147814817159,-25.243409985796298,0
2025-01-17,4124.2998046875,4160.60009765625,4100.0498046875,4159.89990234375,1761466,4094.2365112304688,4126.13710002703,4135.917857328651,51.88572961453699,-9.780757301620724,-22.150879448961184,0
2025-01-20,4077.800048828125,4145.7998046875,4068.10009765625,4145.7998046875,1287799,4092.8832763671876,4118.700630611814,4131.61283447676,52.956994340186505,-12.912203864946605,-20.303144332158272,0
2025-01-21,4035.85009765625,4111.0,4030.0,4095.300048828125,1971591,4090.0231323242188,4105.954394772496,4124.519298415982,49.26701909040997,-18.564903643486105,-19.95549619442384,1
2025-01-22,4156.60009765625,4163.14990234375,4044.199951171875,4050.0,2409223,4092.157116699219,4113.746041369996,4126.895653915261,52.62877443256871,-13.149612545264972,-18.59431946459207,0
2025-01-23,4145.4501953125,4191.35009765625,4140.0498046875,4168.0,1822998,4094.2454467773437,4118.623603514997,4128.270064389131,56.71256731627958,-9.646460874134391,-16.80474774650053,1
2025-01-24,4152.35009765625,4178.0,4104.0,4104.0,1910099,4096.887927246094,4123.812294921344,4130.053770557066,57.409910546524586,-6.241475635722054,-14.692093324344837,0
2025-01-27,4065.14990234375,4156.35009765625,4041.050048828125,4102.0,1551470,4095.4681640625,4114.787311447868,4125.246076615339,55.940950144974764,-10.458765167471029,-13.845427692970075,0
